{"cameraMode":{"drawMode":0,"name":"Shaded","section":"Shading Mode"},"sceneLighting":false,"audioPlay":false,"sceneViewState":{"showFog":true,"showMaterialUpdate":true,"showSkybox":true,"showFlares":true,"showImageEffects":true,"showParticleSystems":true},"in2DMode":false,"pivot":{"x":-20.098623275756837,"y":-4.616470813751221,"z":-0.2617734670639038},"rotation":{"x":-0.23885472118854524,"y":-0.656720757484436,"z":0.2317955493927002,"w":-0.67671799659729},"size":3.1308066844940187,"orthographic":false}